{
  "0.05": 0.9132808522043692,
  "0.1": 0.9132808522043692,
  "0.15": 0.896635945881791,
  "0.2": 0.8538976742064591
}